Āwherika	África
Nipono	Japão
Amerika ki te Tonga	América do Sul
Nōwei	Noruega
Ingarangi	Inglaterra
Koterana	Escócia
Wēra	País de Gales
Airangi	República da Irlanda
Hanekeria	Hungria
Pāniora	Espanha
Hononga-o-Amerika	Estados Unidos
Pehiamu	Bélgica
Rakapuō	Luxemburgo
George Washington	George Washington
Hinerangi	Finlândia
Huitene	Suécia
Tenemāka	Dinamarca
Pōrana	Polónia
Rituānia	Lituânia
Itāria	Itália
Ateria	Áustria
Kirihi	Grécia
Tākei	Turquia
Potukara	Portugal
Ūropi	Europa
Āhia	Ásia
Nōta Amerika	América do Norte
Wikipedia	Wikipédia
Hōrana	Países Baixos
New York City	Nova Iorque
Takiwā o Columbia	Washington, D.C.
San Francisco, Karapōnia	São Francisco (Califórnia)
Pearīni	Berlim
Los Angeles, Karapōnia	Los Angeles
Bern	Berna
Barack Obama	Barack Obama
Rānana	Londres
Āporo	Maçã
Parī	Paris
Abraham Lincoln	Abraham Lincoln
Mehiko	México
Te Moana-nui-a-Kiwa	Oceano Pacífico
Karapōnia	Califórnia
Boston	Boston
Kohi-tātea	Janeiro
Hui-tanguru	Fevereiro
Poutū-te-rangi	Março
Kēnia	Quénia
Paenga-whāwhā	Abril
Haratua	Maio
Pipiri	Junho
Hōngongoi	Julho
Here-turi-kōkā	Agosto
Mahuru	Setembro
Whiringa-ā-nuku	Outubro
Whiringa-ā-rangi	Novembro
Hakihea	Dezembro
Wīwī	França
Kīngitanga Kotahi	Reino Unido
Haina	República Popular da China
Reo Wīwī	Língua francesa
Parīhi	Brasil
Rūhia	Rússia
Ika moana	Cetáceos
Alabama	Alabama
São Paulo	São Paulo (cidade)
Tiamana	Alemanha
Pērara	Bielorrússia
Reo Tiamana	Língua alemã
Tiorangi	Islândia
Etonia	Estónia
Rāwhia	Letónia
Ūkareinga	Ucrânia
Tīekia	República Checa
Horowākia	Eslováquia
Horowinia	Eslovénia
Vilnius	Vilnius
Morotawa	Moldávia
Romeinia	Roménia
Purukāria	Bulgária
Rōma	Roma
Makerōnia	República da Macedónia
Arapeinia	Albânia
Greenland	Gronelândia
Koroātia	Croácia
Pōngia-Herekōmina	Bósnia e Herzegovina
Nuuk	Nuuk
Atepaihānia	Azerbaijão
Andorra	Andorra
Haipara	Chipre
Hōria	Geórgia
Katatānga	Cazaquistão
Mārata	Malta
Manako	Mónaco
Montenegro	Montenegro
Poho o Pita	Vaticano
Hato Marino	San Marino
Paruhi	Bruxelas
Initonīhia	Indonésia
Reo Tākei	Língua turca
Āwherika-ki-te-tonga	África do Sul
Pakangakite	Varsóvia
Wai	Água
Hiri	Chile
Ihu Karaiti	Jesus
Hingapoa	Singapura
Pūtaiao	Ciência
Rīkeneteina	Liechtenstein
Skopje	Escópia
Āmenia	Arménia
Serbia	Sérvia
Ahitereiria	Austrália
Āketina	Argentina
Perū	Peru
Kōrea-ki-te-raki	Coreia do Norte
Kamapōtia	Camboja
Pea (huarākau)	Pera
Ljubljana	Liubliana
Kotahitanga o Ūropi	União Europeia
Sofia	Sófia
Tāone	Cidade
Hauwai (pūmotu)	Hidrogénio
Haumāmā	Hélio
Wikimedia Commons	Wikimedia Commons
Konuuku	Berílio
Tau	Ano
Ōhoro	Oslo
Katowice	Katowice
Rihipone	Lisboa
Pūtiwha	Boro
Waro	Carbono
Hauota	Azoto
Hāora	Oxigénio
Mohikau	Moscovo
Haukōwhai	Flúor
Haukura	Néon
Konutai	Sódio
Konupora	Magnésio
Aotearoa	Nova Zelândia
Īnia	Índia
Takawai	Silício
Pūtūtaewhetū	Fósforo
Rino	Ferro
Pungatara	Enxofre
Hāmoa ki te Uru	Samoa
Haumāota	Cloro
Papua Nūkini	Papua-Nova Guiné
Hauhauhā	Árgon
Nauru	Nauru
Konurehu	Potássio
Konupūmā	Cálcio
Matā (konganuku)	Chumbo
Mongōria	Mongólia
Maine	Maine
Konukita	Crômio
Amsterdam	Amesterdão
Ekuatoa	Equador
Konukōreko	Níquel
Poriwia	Bolívia
Konukura	Cobre
Konutea	Zinco
New Hampshire	Nova Hampshire
Leonardo da Vinci	Leonardo da Vinci
Massachusetts	Massachusetts
Connecticut	Connecticut
Hawai'i	Havaí
Tōrehe	Jersey
Taumata-whakatangihanga-kōauau-a-Tamatea-pōkai-whenua-ki-tana-tahu	Taumatawhakatangihangakoauauotamateapokaiwhenuakitanatahu
Īrāna	Irão
Īrāki	Iraque
Alaska	Alasca
Reo Pōrana	Língua polaca
Florida	Flórida
Arizona	Arizona
Oregon	Oregon
Utah	Utah
Marēhia	Malásia
Pakitāne	Paquistão
Taiwana	República da China
Pūkane	Bromo
Whitināmu	Vietname
Kōrea-ki-te-tonga	Coreia do Sul
Āwhekenetāna	Afeganistão
Tolkien	J. R. R. Tolkien
Pākaratēhi	Bangladesh
Anakora	Angola
Poronai	Brunei
Tānahia	Tanzânia
Konuoi	Mercúrio (elemento químico)
Beijing	Pequim
Rārangi	Lista de listas
Kini Ekuatoria	Guiné Equatorial
New Delhi	Nova Deli
Tbilisi	Tbilisi
Kini Pihō	Guiné-Bissau
Kēpa Weriti	Cabo Verde
Marakāhia	Madagáscar
Mohapiki	Moçambique
Ukānga	Uganda
Ao Tomi me Pirinihipi	São Tomé e Príncipe
Carl Linnaeus	Carolus Linnaeus
Kōpere	Arco-íris
Tātai aro whenua	Geologia
Ahmedabad	Ahmedabad
Prague	Praga
Kawata	Prata
Konu-okehu	Bário
Konuruke	Rádio (elemento químico)
Mumbai	Bombaim
Michigan	Michigan
Illinois	Illinois
North Dakota	Dakota do Norte
South Dakota	Dakota do Sul
Montana	Montana
Wyoming	Wyoming
Hiruharama (City)	Jerusalém
Giorgio Napolitano	Giorgio Napolitano
Idaho	Idaho
Washington	Washington
Nevada	Nevada
Colorado	Colorado
Chicago	Chicago
Reo Pāniora	Língua castelhana
Philadelphia	Filadélfia
Kolkata	Calcutá
Chennai	Chennai
Delhi	Deli
Dhaka	Daca
Bangalore	Bangalore
Hyderabad (India)	Hyderabad (Andhra Pradesh)
Islamabad	Islamabad
Virginia	Virgínia
West Virginia	Virgínia Ocidental
New York	Nova Iorque (estado)
Rhode Island	Rhode Island
Maryland	Maryland
Delaware	Delaware
Ohio	Ohio
Pennsylvania	Pensilvânia
Uetersen	Uetersen
New Jersey	Nova Jérsia
Kāmaka	Gibraltar
Reo Hinerangi	Língua finlandesa
Indiana	Indiana
Motokā	Automóvel
Georgia (Amerika)	Geórgia (Estados Unidos)
Zagreb	Zagreb
Texas	Texas
North Carolina	Carolina do Norte
South Carolina	Carolina do Sul
Buenos Aires	Buenos Aires
Tokyo	Tóquio
La Paz, Poriwia	La Paz
Mississippi	Mississippi
Tennessee	Tennessee
Astana	Astana
New Mexico	Novo México
Ātene	Atenas
Minnesota	Minnesota
Baghdad	Bagdá
Wisconsin	Wisconsin
Pune	Pune
Iowa	Iowa
Nebraska	Nebraska
Kansas	Kansas
Reo Hindi	Língua hindi
Missouri	Missouri
Louisiana	Luisiana
Kentucky	Kentucky
Arkansas	Arkansas
Reo Urdu	Língua urdu
Oklahoma	Oklahoma
Whiena	Viena
Copenhagen	Copenhaga
Stockholm	Estocolmo
Helsinki	Helsínquia
Dublin	Dublin
Reykjavik	Reykjavík
Tallinn	Tallinn
Riga	Riga
Zanzibar	Zanzibar
Bratislava	Bratislava
Budapest	Budapeste
Kaliningrad	Kaliningrado
Rakapuō (tāone matua)	Luxemburgo (cidade)
Vaduz	Vaduz
Ho Chi Minh City	Cidade de Ho Chi Minh
Hanoi	Hanói
Hāhi Tika o Ihu	Verdadeira Igreja de Jesus
Reo Pākehā	Língua inglesa
Andorra la Vella	Andorra-a-Velha
Kuala Lumpur	Kuala Lumpur
Dong Hoi	Dong Hoi
Concepción	Concepción (Chile)
Kieu	Kiev
Yerevan	Erevan
Końskowola	Końskowola
Dar es Salaam	Dar es Salaam
2000	2000
2003	2003
2002	2002
2001	2001
2012	2012
2011	2011
2010	2010
2009	2009
2013	2013
2014	2014
2015	2015
2008	2008
2004	2004
2005	2005
2006	2006
2007	2007
1900	1900
1901	1901
1902	1902
1903	1903
1904	1904
1905	1905
1907	1907
1906	1906
1908	1908
1909	1909
1992	1992
1991	1991
1990	1990
1993	1993
1994	1994
1995	1995
1996	1996
1910	1910
1911	1911
1912	1912
1913	1913
1914	1914
1915	1915
1916	1916
1997	1997
1998	1998
1999	1999
1917	1917
1918	1918
1920	1920
1919	1919
1921	1921
1922	1922
Lund	Lund (Suécia)
1923	1923
1924	1924
Malmö	Malmö
Minsk	Minsk
Kurów	Kurów
Mātauranga matū	Química
9 Poutū-te-rangi	9 de março
Kristiansand	Kristiansand
1989	1989
1988	1988
1987	1987
1986	1986
1985	1985
1984	1984
1983	1983
1982	1982
1981	1981
1980	1980
23 Poutū-te-rangi	23 de março
1970	1970
1971	1971
1972	1972
1973	1973
1974	1974
1975	1975
1976	1976
1977	1977
1978	1978
1979	1979
1969	1969
28 Paenga-whāwhā	28 de abril
14 Pipiri	14 de junho
10 Pipiri	10 de junho
8 Pipiri	8 de junho
5 Pipiri	5 de junho
4 Pipiri	4 de junho
1968	1968
1967	1967
1966	1966
1965	1965
1964	1964
16 Pipiri	16 de junho
27 Pipiri	27 de junho
24 Pipiri	24 de junho
21 Pipiri	21 de junho
2 Hōngongoi	2 de julho
1963	1963
26 Hakihea	26 de dezembro
1962	1962
IPad	IPad
Madrid	Madrid
Brasília	Brasília
Lima	Lima
Santiago	Santiago (Chile)
Quito	Quito
Sucre	Sucre
Kānapera	Camberra
Ahi	Fogo
Tehran	Teerã
Jakarta	Jacarta
Anakara	Ancara
1961	1961
Belgrade	Belgrado
Bissau	Bissau
Category:Tauira	Categoria:!Predefinições Wikipédia
Praia	Praia (Cabo Verde)
1960	1960
Malabo	Malabo
Minden	Minden
Nicosia	Nicósia
Dodoma	Dodoma
Nairobi	Nairóbi
Maputo	Maputo
Kampala	Kampala
Luanda	Luanda
Galicia	Galiza
Antananarivo	Antananarivo
São Tomé	São Tomé (São Tomé e Príncipe)
Asturias	Astúrias
Wikipedia:Papa tākaro	Wikipédia:Página de testes
Cantabria	Cantábria
Aragon	Aragão
Curitiba	Curitiba
Corbin Bleu	Corbin Bleu
Reo Aymara	Língua aimará
Moutere Faroe (Tenemāka)	Ilhas Feroe
Surat	Surate
1488	1488
Euro	Euro
Category:Moutere o Aotearoa	Categoria:Ilhas da Nova Zelândia
Whakapono Karaitiana	Cristianismo
1004	1004
Aoraki	Monte Cook/Aoraki
Seattle	Seattle
Céline Dion	Céline Dion
Tāone matua	Capital
Monzón	Monzón
Reo Pōtikī	Língua portuguesa
Marama (maramataka)	Mês
1948	1948
1949	1949
Almazán	Almazán
Huang Xianfan	Huang Xianfan
Reo Runa Simi	Língua quíchua
1956	1956
1200	1200
1201	1201
1202	1202
1203	1203
1204	1204
1205	1205
1206	1206
1941	1941
1207	1207
1208	1208
1945	1945
1209	1209
1210	1210
1211	1211
1958	1958
1212	1212
1926	1926
1213	1213
1947	1947
1944	1944
1952	1952
Reo Hapani	Língua japonesa
Hau Kāinga	Wikipédia:Página principal
1959	1959
1957	1957
1214	1214
1215	1215
1216	1216
1217	1217
1218	1218
1219	1219
1220	1220
1221	1221
1222	1222
1223	1223
1224	1224
1225	1225
1226	1226
1227	1227
1228	1228
1229	1229
1230	1230
1231	1231
1232	1232
1233	1233
1234	1234
1235	1235
1236	1236
1237	1237
1238	1238
1239	1239
1240	1240
1241	1241
1242	1242
1243	1243
1244	1244
1245	1245
1246	1246
1247	1247
1248	1248
1249	1249
1250	1250
1251	1251
1252	1252
1253	1253
1254	1254
1255	1255
1256	1256
1257	1257
1258	1258
1259	1259
1260	1260
1261	1261
1262	1262
1263	1263
1264	1264
1265	1265
1266	1266
1267	1267
1268	1268
1269	1269
1270	1270
1271	1271
1272	1272
1273	1273
1274	1274
1275	1275
1276	1276
1277	1277
1278	1278
1279	1279
1280	1280
1281	1281
1282	1282
1283	1283
1284	1284
1285	1285
1286	1286
1287	1287
1288	1288
1289	1289
1290	1290
1291	1291
1292	1292
1293	1293
1294	1294
1295	1295
1296	1296
1297	1297
1298	1298
1299	1299
Albrecht Dürer	Albrecht Dürer
Vincent van Gogh	Vincent van Gogh
Frida Kahlo	Frida Kahlo
Michelangelo	Michelangelo
Pablo Picasso	Pablo Picasso
Raphael	Rafael Sanzio
Rembrandt	Rembrandt
Peter Paul Rubens	Peter Paul Rubens
Andy Warhol	Andy Warhol
1300	1300
1301	1301
1302	1302
1303	1303
1304	1304
1305	1305
Aaland (Hinerangi)	Åland
Catalonia	Catalunha
1306	1306
1307	1307
1308	1308
1309	1309
1310	1310
1311	1311
1312	1312
1313	1313
Castile me León	Castela e Leão
1314	1314
1315	1315
1316	1316
1317	1317
Castile-La Mancha	Castela-Mancha
1318	1318
1319	1319
1320	1320
1321	1321
1322	1322
1323	1323
1324	1324
1325	1325
Extremadura	Estremadura (Espanha)
1326	1326
Andalusia	Andaluzia
1327	1327
1328	1328
Islas Canarias	Canárias
Xi'an	Xian
Kabul	Cabul
1329	1329
Category:Mukua	Categoria:!Páginas para eliminação rápida
Medan	Medan
1330	1330
1331	1331
1332	1332
1333	1333
1334	1334
1335	1335
1336	1336
1337	1337
1338	1338
1339	1339
1340	1340
1341	1341
1342	1342
1343	1343
1344	1344
1345	1345
1346	1346
1347	1347
1348	1348
1349	1349
1350	1350
1351	1351
1400	1400
1401	1401
1352	1352
1402	1402
1353	1353
1403	1403
1354	1354
1404	1404
1355	1355
1405	1405
1500	1500
1406	1406
1356	1356
1501	1501
1407	1407
1357	1357
1502	1502
1408	1408
1358	1358
1503	1503
1359	1359
1409	1409
1504	1504
1360	1360
1410	1410
1505	1505
1506	1506
1411	1411
1361	1361
1507	1507
1412	1412
1362	1362
1413	1413
1508	1508
1363	1363
1509	1509
1414	1414
1510	1510
1415	1415
1364	1364
1511	1511
1416	1416
1365	1365
1512	1512
1417	1417
1366	1366
1513	1513
1418	1418
1367	1367
1514	1514
1419	1419
1368	1368
1515	1515
1420	1420
1369	1369
1516	1516
1421	1421
1370	1370
1371	1371
1372	1372
1373	1373
1422	1422
1517	1517
1423	1423
1518	1518
1374	1374
1424	1424
1375	1375
1519	1519
1376	1376
1425	1425
1520	1520
1521	1521
1377	1377
1426	1426
1522	1522
1523	1523
1427	1427
1378	1378
1524	1524
1525	1525
1428	1428
1379	1379
1526	1526
1429	1429
1380	1380
1381	1381
1382	1382
1383	1383
1430	1430
1431	1431
1384	1384
1432	1432
1385	1385
1386	1386
1433	1433
1387	1387
1434	1434
1435	1435
1388	1388
1436	1436
1389	1389
1437	1437
1390	1390
1438	1438
1391	1391
1439	1439
1392	1392
1440	1440
1393	1393
1394	1394
1395	1395
1441	1441
1396	1396
1397	1397
1442	1442
1527	1527
1528	1528
1398	1398
1443	1443
1444	1444
1529	1529
1399	1399
1445	1445
1530	1530
1446	1446
1531	1531
1447	1447
1532	1532
1448	1448
1533	1533
1449	1449
1534	1534
1450	1450
1535	1535
1451	1451
1536	1536
1452	1452
1537	1537
1453	1453
1538	1538
1454	1454
1539	1539
1455	1455
1540	1540
Category:Tātai arorangi	Categoria:Astronomia
1541	1541
1456	1456
1457	1457
1542	1542
1458	1458
1543	1543
1459	1459
1544	1544
1460	1460
1545	1545
1461	1461
1546	1546
1462	1462
1547	1547
1463	1463
1548	1548
1464	1464
1549	1549
1465	1465
1550	1550
1466	1466
1551	1551
1467	1467
1468	1468
1552	1552
1469	1469
1553	1553
1470	1470
1554	1554
1471	1471
1555	1555
1472	1472
1556	1556
1473	1473
1557	1557
1474	1474
1558	1558
1475	1475
1559	1559
1476	1476
1560	1560
1477	1477
1478	1478
1561	1561
1479	1479
1562	1562
1480	1480
1563	1563
1481	1481
1564	1564
1482	1482
1565	1565
1483	1483
1566	1566
1484	1484
1567	1567
1485	1485
1486	1486
1568	1568
1487	1487
1569	1569
1570	1570
1489	1489
1571	1571
1490	1490
1572	1572
1491	1491
1573	1573
1492	1492
1574	1574
Gustave Doré	Gustave Doré
1493	1493
1575	1575
1494	1494
1495	1495
1496	1496
1576	1576
1497	1497
1577	1577
1498	1498
1578	1578
1499	1499
1579	1579
1580	1580
1581	1581
1582	1582
1600	1600
1601	1601
1583	1583
1602	1602
1584	1584
1603	1603
1585	1585
1604	1604
1586	1586
1605	1605
1587	1587
1606	1606
1607	1607
1588	1588
1608	1608
1589	1589
1609	1609
1590	1590
1610	1610
1591	1591
1611	1611
1592	1592
1612	1612
1593	1593
1613	1613
1594	1594
1614	1614
1595	1595
1615	1615
1596	1596
1616	1616
1597	1597
1617	1617
1598	1598
1618	1618
1599	1599
1619	1619
1620	1620
1621	1621
1700	1700
1701	1701
1622	1622
1623	1623
1702	1702
1624	1624
1703	1703
1704	1704
1625	1625
1705	1705
1626	1626
1627	1627
1706	1706
1628	1628
1707	1707
1708	1708
1629	1629
1630	1630
1709	1709
1631	1631
1710	1710
1632	1632
1711	1711
1633	1633
1712	1712
1634	1634
1713	1713
1800	1800
1801	1801
1714	1714
1635	1635
1802	1802
1715	1715
1636	1636
1803	1803
1637	1637
1716	1716
1638	1638
1804	1804
1717	1717
1639	1639
1805	1805
1718	1718
1640	1640
1719	1719
1806	1806
1641	1641
1720	1720
1807	1807
1642	1642
1721	1721
1808	1808
1643	1643
1722	1722
1809	1809
1644	1644
1723	1723
1810	1810
1645	1645
1724	1724
Rautau 20	Século XX
1811	1811
1646	1646
1725	1725
1812	1812
1647	1647
1726	1726
1813	1813
Rautau 21	Século XXI
1648	1648
1727	1727
1814	1814
1649	1649
1728	1728
1815	1815
1650	1650
1729	1729
1816	1816
Rautau 19	Século XIX
1651	1651
1730	1730
1817	1817
1652	1652
1731	1731
1818	1818
1653	1653
1732	1732
1819	1819
1654	1654
1733	1733
1820	1820
1655	1655
1821	1821
1734	1734
1656	1656
1822	1822
1735	1735
1657	1657
1823	1823
1736	1736
1658	1658
1737	1737
1824	1824
1659	1659
1738	1738
1825	1825
1660	1660
1739	1739
1826	1826
1661	1661
1740	1740
1827	1827
Rautau 18	Século XVIII
Rautau 17	Século XVII
Rautau 16	Século XVI
Rautau 15	Século XV
Rautau 14	Século XIV
Rautau 13	Século XIII
Rautau 12	Século XII
Rautau 11	Século XI
Mātauranga taupuhi kaiao	Ecologia
Kāwanatanga	Governo
Rārangi whenua	Estado
Kilimanjaro te maunga	Kilimanjaro
Kāpene Kuki	James Cook
1828	1828
1829	1829
1741	1741
1662	1662
1742	1742
1830	1830
1663	1663
1831	1831
1743	1743
1664	1664
1665	1665
1744	1744
1832	1832
1666	1666
1745	1745
1833	1833
1667	1667
1746	1746
1834	1834
1668	1668
1747	1747
1835	1835
1748	1748
1836	1836
1669	1669
1670	1670
1749	1749
1837	1837
1671	1671
1750	1750
1838	1838
1672	1672
1751	1751
1839	1839
1673	1673
1752	1752
1840	1840
1674	1674
1753	1753
1841	1841
1754	1754
1675	1675
1842	1842
1755	1755
1676	1676
1843	1843
1677	1677
1756	1756
1844	1844
1678	1678
1757	1757
1845	1845
1679	1679
1758	1758
1846	1846
1680	1680
1759	1759
1847	1847
1681	1681
1760	1760
1848	1848
1682	1682
1761	1761
1849	1849
1683	1683
1762	1762
1850	1850
1684	1684
1763	1763
1851	1851
1764	1764
1685	1685
1852	1852
1686	1686
1765	1765
1853	1853
1687	1687
1766	1766
1854	1854
1688	1688
1767	1767
1855	1855
1689	1689
1768	1768
1856	1856
1690	1690
1769	1769
1857	1857
1691	1691
1770	1770
1858	1858
1692	1692
1771	1771
1859	1859
1693	1693
1772	1772
1860	1860
1773	1773
1861	1861
1694	1694
1695	1695
1774	1774
1862	1862
1696	1696
1775	1775
1863	1863
1697	1697
1776	1776
1864	1864
1698	1698
1865	1865
1777	1777
1699	1699
1866	1866
1778	1778
1779	1779
1867	1867
1780	1780
1868	1868
1781	1781
1869	1869
1782	1782
1870	1870
1783	1783
1871	1871
Ture	Direito
1784	1784
1872	1872
1785	1785
1873	1873
1786	1786
1874	1874
1787	1787
1875	1875
1788	1788
1876	1876
1789	1789
1877	1877
1790	1790
1878	1878
1879	1879
1791	1791
1792	1792
1880	1880
1793	1793
1881	1881
1794	1794
1882	1882
1795	1795
1883	1883
1796	1796
1884	1884
1797	1797
1885	1885
1886	1886
1798	1798
1887	1887
1799	1799
1888	1888
1889	1889
1890	1890
1891	1891
Reo Swahili	Língua suaíli
1892	1892
1893	1893
1894	1894
1895	1895
1896	1896
1897	1897
1898	1898
1899	1899
Reo Malagasy	Língua malgaxe
Rautau 10	Século X
Rautau 9	Século IX
Rautau 8	Século VIII
Rautau 7	Século VII
Palembang	Palimbão
Category:Wīwī	Categoria:França
Pāringa tīma	Andebol
Hongipua	Hong Kong
Miami, Florida	Miami
Karachi	Carachi
Rio de Janeiro	Rio de Janeiro (cidade)
Seoul	Seul
Shanghai	Xangai
Seville	Sevilha
Vigo	Vigo
A Coruña	Corunha
Reo Aragon	Língua aragonesa
Reo Huitene	Língua sueca
Reo Rituānia	Língua lituana
Reo Farsi	Língua persa
Reo Kōrea	Língua coreana
Reo Whitinamu	Língua vietnamita
Reo Marēhia	Língua malaia
Reo Initonīhia	Língua indonésia
Baku	Baku
Hiperu te reo	Língua hebraica
Reo Galicia	Língua galega
Moana nui	Oceano
Tony Blair	Tony Blair
Reo Bengali	Língua bengali
Motu o Man	Ilha de Man
Irihapeti te Tuarua	Isabel II do Reino Unido
Ronald Reagan	Ronald Reagan
Tangerang	Tangerang
Bandung	Bandung
Bekasi	Bekasi
Depok	Depok
1100	1100
Ripanga pūmotu	Tabela periódica
Tórshavn	Tórshavn
Rākau	Árvore
Lugo	Lugo (Galiza)
Nohoanga kawa ipurangi	Endereço IP
Sarajevo	Sarajevo
Category:Parīhi	Categoria:Brasil
Waka rererangi	Aeronave
Surabaya	Surabaia
Shenyang	Shenyang
Chongqing	Chongqing
Tianjin	Tianjin
Lahore	Lahore
Wuhan	Wuhan
Nagoya	Nagoia
Pea	Ursidae
Kylie Minogue	Kylie Minogue
1101	1101
1102	1102
Maramataka	Calendário
Pontevedra	Pontevedra
1103	1103
1104	1104
Vikings	Vikings
1105	1105
Reo Ārapi	Língua árabe
Santiago de Compostela	Santiago de Compostela
Santa Cruz de Tenerife	Santa Cruz de Tenerife
Moutere Aranga	Ilha de Páscoa
La Serena	La Serena
Makassar	Macáçar
Kuru	Artocarpus incisa
Shenzhen	Shenzhen
Template:Link FA	Predefinição:Link FA
Wikipedia:Kōrero	Wikipédia:Esplanada
Busan	Busan
Vermont	Vermont
San Diego, Karapōnia	San Diego
San Jose, Karapōnia	San José (Califórnia)
Phoenix, Arizona	Phoenix (Arizona)
Jacksonville	Jacksonville
Guangzhou	Cantão (China)
Nanjing	Nanquim
1925	1925
1927	1927
1000	1000
999	999
Douglas (Motu o Man)	Douglas (Ilha de Man)
1955	1955
1954	1954
1953	1953
1951	1951
1950	1950
1946	1946
1943	1943
1942	1942
1940	1940
1939	1939
1938	1938
1937	1937
1936	1936
1935	1935
1934	1934
1933	1933
1932	1932
1931	1931
1930	1930
1929	1929
Pyongyang	Pyongyang
Kawenata Hou	Novo Testamento
Kūaka	Fuselo
Hākoakoa	Stercorarius antarcticus
1001	1001
1002	1002
1003	1003
1005	1005
1006	1006
1007	1007
1008	1008
1009	1009
1010	1010
1011	1011
1012	1012
1013	1013
1014	1014
1015	1015
1016	1016
1017	1017
1018	1018
1019	1019
1020	1020
1021	1021
1022	1022
1023	1023
1024	1024
1025	1025
1026	1026
1027	1027
1028	1028
1029	1029
1030	1030
1031	1031
Bien Hoa	Bien Hoa
1032	1032
1033	1033
1034	1034
1035	1035
1036	1036
1037	1037
1038	1038
1039	1039
1040	1040
1041	1041
1042	1042
1043	1043
1044	1044
1045	1045
1046	1046
1047	1047
1048	1048
1049	1049
1050	1050
1051	1051
1052	1052
1053	1053
1054	1054
1055	1055
1056	1056
1057	1057
1058	1058
1059	1059
1060	1060
1061	1061
1062	1062
1063	1063
1064	1064
1065	1065
1066	1066
1067	1067
1068	1068
1069	1069
1070	1070
1071	1071
1072	1072
1073	1073
1074	1074
1075	1075
1076	1076
1077	1077
1078	1078
1079	1079
1080	1080
1081	1081
1082	1082
1083	1083
1084	1084
1085	1085
1086	1086
1087	1087
1088	1088
1089	1089
1090	1090
1091	1091
1092	1092
1093	1093
1094	1094
1095	1095
1096	1096
1097	1097
Nha Trang	Nha Trang
1098	1098
1099	1099
1106	1106
1107	1107
1108	1108
1109	1109
1110	1110
1111	1111
1112	1112
1113	1113
1114	1114
1115	1115
1116	1116
1117	1117
1118	1118
1119	1119
1120	1120
1130	1130
1131	1131
Rafael Correa	Rafael Correa
1132	1132
1133	1133
1134	1134
1135	1135
1136	1136
1137	1137
1138	1138
1139	1139
1140	1140
1141	1141
1142	1142
1143	1143
1144	1144
1145	1145
1146	1146
1147	1147
1148	1148
1149	1149
1150	1150
1151	1151
1152	1152
1153	1153
1154	1154
1155	1155
1156	1156
1157	1157
1158	1158
1159	1159
Bucharest	Bucareste
1160	1160
1161	1161
1162	1162
1163	1163
1164	1164
1165	1165
1166	1166
1167	1167
1168	1168
1169	1169
1170	1170
1171	1171
1172	1172
1173	1173
Tirana	Tirana
1174	1174
1175	1175
1176	1176
1177	1177
1178	1178
1179	1179
1180	1180
1181	1181
1182	1182
1928	1928
1183	1183
1184	1184
1185	1185
1186	1186
1187	1187
1188	1188
1189	1189
1190	1190
1191	1191
1192	1192
1193	1193
1194	1194
1195	1195
1196	1196
1197	1197
1198	1198
1199	1199
Kawenata Tawhito	Antigo Testamento
Tau pekerangi	Ano bissexto
Lady Gaga	Lady Gaga
Taika	Tigre
Suwon	Suwon
Daejeon	Daejeon
Daegu	Daegu
Incheon	Incheon
Vung Tau	Vũng Tàu
Chişinău	Chișinău
GNU FDL	GNU Free Documentation License
Jean Auguste Dominique Ingres	Jean-Auguste Dominique Ingres
Inoi a te Ariki	Pai Nosso
930	930
985	985
1122	1122
981	981
939	939
950	950
996	996
980	980
900	900
1129	1129
988	988
Paltoga	Paltoga
Entrena	Entrena
Atlanta, Georgia	Atlanta
963	963
Podgorica	Podgorica
962	962
997	997
972	972
955	955
901	901
936	936
953	953
902	902
958	958
903	903
987	987
965	965
924	924
951	951
932	932
Te Whanga-nui-a-Tara	Wellington
967	967
989	989
960	960
969	969
957	957
1124	1124
971	971
937	937
992	992
990	990
899	899
975	975
942	942
966	966
1128	1128
959	959
973	973
982	982
974	974
976	976
979	979
986	986
919	919
998	998
995	995
977	977
1125	1125
Valletta	Valeta
934	934
929	929
1127	1127
940	940
912	912
984	984
954	954
918	918
961	961
946	946
968	968
983	983
964	964
1121	1121
1123	1123
933	933
915	915
970	970
911	911
993	993
991	991
994	994
898	898
944	944
907	907
943	943
945	945
922	922
905	905
941	941
925	925
928	928
948	948
947	947
949	949
926	926
909	909
931	931
938	938
917	917
914	914
920	920
913	913
935	935
906	906
916	916
Pāuna	Libra esterlina
Kōnihi	Guernsey
Motu Svalbard me Jan Mayen (Nōwei)	Svalbard
2016	2016
Ca Mau	Cà Mau (cidade)
2019	2019
Da Nang	Da Nang
Uppsala	Uppsala
Gothenburg	Gotemburgo
2017	2017
2018	2018
Pichilemu	Pichilemu
Aarhus	Aarhus
Odense	Odense
2020	2020
Aalborg	Aalborg
Helsingborg	Helsingborg
Västerås	Västerås
Linköping	Linköping
Jönköping	Jönköping
Stavanger	Stavanger
Kawau	Corvo-marinho-de-faces-brancas
Karlstad	Karlstad
Mölnlycke	Mölnlycke
Umeå	Umeå
Norrköping	Norrköping
Örebro	Örebro
Trondheim	Trondheim
Longyearbyen	Longyearbyen
Tromsø	Tromsø
Växjö	Växjö
Esbjerg	Esbjerg
Sundsvall	Sundsvall
Drammen	Drammen
Roskilde	Roskilde
Fukuoka	Fukuoka (cidade)
Bergen	Bergen
Kuki Airani	Ilhas Cook
Kolding	Kolding
Huahou	Seixoeira
Taranui	Gaivina-de-bico-vermelho
Randers	Randers
Sandnes	Sandnes
Lahti	Lahti
Reo Asturias	Língua asturiana
Chengdu	Chengdu
904	904
921	921
923	923
1126	1126
956	956
952	952
978	978
Zhengzhou	Zhengzhou
910	910
908	908
896	896
897	897
927	927
Porinīhia Wīwī	Polinésia Francesa
Waihopai	Invercargill
Drake (kaiwaiata)	Drake (artista)
Valparaíso	Valparaíso (Chile)
Reo León	Língua leonesa
Reo Tahiti	Língua taitiana
Mošovce	Mošovce
Kyoto	Quioto
Ture tekau	Dez Mandamentos
Tekau tau 1980	Década de 1980
Tekau tau 1990	Década de 1990
Gustav Klimt	Gustav Klimt
Hiroshima	Hiroshima
Tekau tau 2000	Década de 2000
Noemi	Noemi (cantora)
Nga Kaiwhakaatu o Ihowa	Testemunhas de Jeová
Pirihimana	Polícia
Pāremata	Parlamento
Osaka	Osaka (cidade)
Apia	Apia
Reo Kuruti	Língua curda
Reo Māori	Língua maori
Karaj	Karaj
Reo Rapa Nui	Língua rapanui
Arancón	Arancón
Salvador, Bahia	Salvador (Bahia)
Tāmaki-makau-rau	Auckland
John Michael Talbot	John Michael Talbot
Paul Gauguin	Paul Gauguin
Kura Tuarua o Tāmaki-makau-rau	Auckland Grammar School
Milwaukee	Milwaukee
Sapporo	Sapporo
Moutere Galápagos	Galápagos
Yokohama	Yokohama
Turku	Turku
Teide	Teide
Radio Studio 54 Network	Rádio Studio 54 Network
Ágreda	Ágreda
Tekau tau	Década
Édouard Manet	Édouard Manet
Tampere	Tampere
Tenerife	Tenerife
Johannes Vermeer	Johannes Vermeer
Ulsan	Ulsan
Gwangju	Gwangju
Edvard Munch	Edvard Munch
Tahiti	Taiti
Isfahan	Isfahan
Seongnam	Seongnam
Reo Ingarihi Inamata	Inglês antigo
Harbin	Harbin
Guayaquil	Guaiaquil
Montehermoso	Montehermoso
Córdoba, Porowini o Córdoba	Córdova (Argentina)
Mendoza, Porowini o Mendoza	Mendoza (Argentina)
Fabaceae	Fabaceae
Herat	Herat
Kandahar	Candaar
Whana	Arco (arma)
Edgar Degas	Edgar Degas
Iharaira Museum	Museu de Israel
I. M. Pei	Ieoh Ming Pei
Espoo	Espoo
Oulu	Oulu
Titian	Ticiano
Lucknow	Lucknow
Template:Commonscat	Predefinição:Commonscat
Basra	Baçorá
Kobe	Kōbe
Mariehamn	Mariehamn
Kīngitanga o Hura	Reino de Judá
Austronesian	Línguas austronésias
2026	2026
2025	2025
Te Hunga Mahi	A Internacional
2024	2024
2023	2023
2022	2022
2021	2021
Kauhau i te Maunga	Sermão da Montanha
Ngā Manaakitanga	Bem-aventuranças
Rosario, Porowini o Santa Fe	Rosário (Argentina)
Cuenca, Ekuatoa	Cuenca (Azuay)
San Cristóbal de La Laguna	San Cristóbal de La Laguna
John Key	John Key
Shijiazhuang	Shijiazhuang
Reo Pashto	Língua pachto
Jaipur	Jaipur
Kanpur	Kanpur
Helmut Jahn	Helmut Jahn
Ōtautahi	Christchurch
Tabriz	Tabriz
Murasaki Shikibu	Murasaki Shikibu
A Coruña (porowini)	Corunha (província)
Rōpū ripanga pūmotu	Grupo (química)
Minita o te Karauna	Ministro
Mosul	Mossul
Changchun	Changchun
Kēhua i te Papa	Ghost in the Shell
Rawalpindi	Rawalpindi
Bob Hope	Bob Hope
Lugo (porowini)	Lugo (província)
Ourense (porowini)	Ourense (província)
Pontevedra (porowini)	Pontevedra (província)
Ourense	Ourense
Rovaniemi	Rovaniemi
Caspar David Friedrich	Caspar David Friedrich
Fredrikstad	Fredrikstad
Lili'uokalani	Liliuokalani
Sarpsborg	Sarpsborg
Kunduz	Konduz
Guido Reni	Guido Reni
Kaesong	Kaesong
Chongjin	Chongjin
Hamhung	Hamhung
Wonsan	Wonsan
Nampho	Nampo
Matola	Matola
Wharekauri	Ilhas Chatham
Te Ika-a-Māui	Ilha Norte
Te Wai-pounamu	Ilha Sul
Mashhad	Meshed
Vaasa	Vaasa
Vantaa	Vantaa
Mazar-i-Sharif	Mazar-e Sharif
Kōtuku	Garça-branca-grande
Junichiro Koizumi	Junichiro Koizumi
Wikipedia:BookSources	Wikipédia:Fontes bibliográficas
Arbil	Arbil
Ōtepoti	Dunedin
Jyväskylä	Jyväskylä
Saitama (Saitama)	Saitama (cidade)
Manawatū-Whanganui	Manawatu-Wanganui
Waikato	Waikato
Taranaki	Taranaki
Tūranga-nui-a-Kiwa	Gisborne
Brixton	Brixton
Saint Helier	Saint Helier
Joan Miró	Joan Miró
Tanga	Tanga (Tanzânia)
Sinuiju	Sinŭiju
Arequipa	Arequipa
Whakaheke ngaru	Surfe
Kuopio	Kuopio
Kāreti o Hato Pita	St Peter's College, Auckland
Kawasaki (Kanagawa)	Kawasaki (cidade)
Calamus	Calamus
Frans Hals	Frans Hals
Najaf	An-Najaf
Santiago Calatrava	Santiago Calatrava
Akseli Gallen-Kallela	Akseli Gallen-Kallela
Santa Cruz de la Sierra	Santa Cruz de la Sierra
Nanchang	Nanchang
Kāhui o ‘Enata	Arquipélago das Marquesas
Kirkuk	Kirkuk
Faisalabad	Faisalabad
University Hiperu o Hiruharama	Universidade Hebraica de Jerusalém
St Peter Port	Saint Peter Port
Toamasina	Toamasina
Poaka	Pernilongo (ave)
Kākāpō	Kakapo
Pori (Hinerangi)	Pori
Helen Clark	Helen Clark
Jørn Utzon	Jørn Utzon
Lappeenranta	Lappeenranta
Cochabamba	Cochabamba
Multan	Multan
Quetta	Quetta
Pūmotu rōpū 11	Elementos do Grupo 11
Joensuu	Joensuu
Marae	Marae
Carl Larsson	Carl Larsson
Pūkeko	Caimão-comum
Whakamārama:Ngā kano	Ajuda:Usando cores
National Library o Iharaira	Biblioteca Nacional de Israel
Jan Matejko	Jan Matejko
Utena	Utena
Horsens	Horsens
Bartolomé Esteban Murillo	Bartolomé Esteban Murillo
Ivan Shishkin	Ivan Shishkin
Kea	Papagaio-da-nova-zelândia
Tauragė	Tauragė
Henrikh Mkhitaryān	Henrikh Mkhitaryan
Sandy	Sandy
Kirikiriroa	Hamilton (Nova Zelândia)
Patungakore	Não matar
E Ihowa Atua	God Defend New Zealand
Hämeenlinna	Hämeenlinna
Georges de la Tour	Georges de La Tour
Ahuriri	Napier
Kororā	Pinguim-azul
Mažeikiai	Mažeikiai
Galdhøpiggen	Galdhøpiggen
Brooke Fraser	Brooke Fraser
Kouvola	Kouvola
Rōpū Nāhinara o Aotearoa	Partido Nacional da Nova Zelândia
Hoiho	Pinguim-de-olho-amarelo
Whakatū	Nelson (Nova Zelândia)
Huambo	Huambo
Émile Friant	Émile Friant
Tauranga-moana	Tauranga
Rotorua-nui-a-Kahu	Rotorua
Beira, Mozambique	Beira (Moçambique)
Te Papa-i-oea	Palmerston North
Takahē	Takahe
Ngāmotu	New Plymouth
Ukmergė	Ukmergė
Aylesbury	Aylesbury
Pitiroi	Robert FitzRoy
Kebnekaise	Kebnekaise
John Bauer	John Bauer
Trujillo, Perū	Trujillo (Peru)
Whitehall	Whitehall
Dartmoor	Dartmoor
Thomas Eakins	Thomas Eakins
Tītī	Pardela-preta
Can Tho	Can Tho
Mahajanga	Mahajanga
Kuching	Kuching
Anggun	Anggun
Mombasa	Mombaça (Quênia)
Kīngitanga o Iharaira	Reino de Israel
Johor Bahru	Johor Bahru
Sei Shōnagon	Sei Shōnagon
Hanga Roa	Hanga Roa
Mount Whitney	Monte Whitney
Awa	Awa
Morogoro	Morogoro
Gujranwala	Gujranwala
Khulna	Khulna (cidade)
Changwon	Changwon
Heretaunga, takiwā	Hawke's Bay
Chiclayo	Chiclayo
Manatārua	Direito autoral
Rita Lee	Rita Lee
Ipoh	Ipoh
Huia	Huia
Waka	Waka
Kānuka	Kunzea ericoides
Kōtukutuku	Fuchsia excorticata
Pōhutukawa	Metrosideros excelsa
Koromiko	Hebe (gênero)
Houhere	Hoheria
Tāwhai raunui	Nothofagus fusca
Tauhou	Zosterops lateralis
Agostino Carracci	Agostino Carracci
Andrew Wyeth	Andrew Wyeth
Bahawalpur	Bahawalpur
Rajshahi	Rajshahi (cidade)
Nampula	Nampula
Savai'i	Savai'i
Kiore	Rato-do-pacífico
Chittagong	Chittagong (cidade)
Almaluez	Almaluez
Kākā o Nōpoke	Nestor productus
Nyeri	Nyeri
Kiri Te Kanawa	Kiri Te Kanawa
John Michael Wright	John Michael Wright
Rimu	Rimu
Calamus rotang	Calamus rotang
Alytus	Alytus
Moa	Moa
Karauna	A Coroa
Cabinda	Cabinda (cidade)
Minnie Pwerle	Minnie Pwerle
Georgina Beyer	Georgina Beyer
Keisha Castle-Hughes	Keisha Castle-Hughes
Sylhet	Sylhet (cidade)
Francesco Melzi	Francesco Melzi
Tiriti o Waitangi	Tratado de Waitangi
Aliud	Aliud
Ferrol	Ferrol
Shah Alam	Shah Alam
Sariwon	Sariwon
Tanchon	Tanch'on
Max Weber	Max Weber (artista)
Te Tai-poutini	Costa Oeste (Nova Zelândia)
Walter Burley Griffin	Walter Burley Griffin
Antsirabe	Antsirabe
Bukan	Bukan
Malanje	Malanje
Pokotiwha	Pinguim-de-fiordland
Kākā	Nestor meridionalis
Māwhai	Sicyos
Hurricanes (tīma Super 14)	Hurricanes
Kota Bharu	Kota Bharu
Waitaha	Canterbury (Nova Zelândia)
Rārangi maunga	Lista das montanhas mais altas
Guatimac	Guatimac
Huntingdon	Huntingdon (Inglaterra)
Wairarapa	Wairarapa
Ōtākou	Otago
Tāmaki-makau-rau (takiwā)	Auckland (região)
Kapa Raiana	British and Irish Lions
Kėdainiai	Kėdainiai
Domenico di Bartolo	Domenico di Bartolo
Robert Peake	Robert Peake, o Velho
Jonava	Jonava
Whangārei-terenga-paraoa	Whangarei
Pūtangitangi	Tadorna-paraíso
Barisal	Barisal (cidade)
Toroa ingoingo	Albatroz-real-meridional
Klaipėda	Klaipėda
Pīpīwharauroa	Chrysococcyx lucidus
Almarza	Almarza
Aldealices	Aldealices
Aldealafuente	Aldealafuente
Alentisque	Alentisque
Adradas	Adradas
Abejar	Abejar
Almajano	Almajano
Aldealpozo	Aldealpozo
Alcubilla de las Peñas	Alcubilla de las Peñas
Aldealseñor	Aldealseñor
Alcubilla de Avellaneda	Alcubilla de Avellaneda
Covaleda	Covaleda
Cerbón	Cerbón
Almazul	Almazul
Cidones	Cidones
Alpanseque	Alpanseque
Arcos de Jalón	Arcos de Jalón
Aldehuela de Periáñez	Aldehuela de Periáñez
Almenar de Soria	Almenar de Soria
Cigudosa	Cigudosa
Las Aldehuelas	Las Aldehuelas
Ciria	Ciria
Takahikare	Painho-de-ventre-branco
Rangiātea	Raiatea
VietJet Air	VietJet Air
Rārangi tīma Super Rugby	Super Rugby
Sargodha	Sargodha
Klang, Marēhia	Klang
Subang Jaya	Subang Jaya
Tūheitia Paki	Tuheitia Paki
Ruru	Ninox novaeseelandiae
Whakamārama:Kuputohu	Ajuda:Página principal
Brooklands	Brooklands
Māwhera	Greymouth
Mauriceville	Mauriceville
Santo Domingo, Ekuatoa	Santo Domingo (Equador)
Whanganui	Whanganui
Porirua	Porirua
Peshawar	Pexauar
Karoro	Larus dominicanus
Fox Glacier	Glaciar Fox
Wikipedia:Kāinga māngai	Wikipédia:Embaixada
Marijampolė	Marijampolė
Category:Tiamana	Categoria:Alemanha
Category:Hononga-o-Amerika	Categoria:Estados Unidos
Category:Rūhia	Categoria:Rússia
Category:Kīngitanga Kotahi	Categoria:Reino Unido
Category:Pāniora	Categoria:Espanha
Category:Haina	Categoria:China
Category:Nipono	Categoria:Japão
Category:Ahitereiria	Categoria:Austrália
Category:Īnia	Categoria:Índia
Category:Iharaira	Categoria:Israel
Category:Īrāna	Categoria:Irão
Category:Aotearoa	Categoria:Nova Zelândia
Category:Āketina	Categoria:Argentina
Aroha	Compaixão
Tāwhai	Nothofagus menziesii
Category:Āwhekenetāna	Categoria:Afeganistão
Category:Īrāki	Categoria:Iraque
Category:Pakitāne	Categoria:Paquistão
Category:Pōrana	Categoria:Polónia
Category:Potukara	Categoria:Portugal
Category:Kōrea-ki-te-tonga	Categoria:Coreia do Sul
Category:Tānahia	Categoria:Tanzânia
Category:Whitināmu	Categoria:Vietname
Category:Maramara ngārara	Categoria:Répteis
Category:Ika oneone	Categoria:Anfíbios
Category:Manu	Categoria:Aves
Category:Tipu	Categoria:Plantas
Category:Ahupūngao	Categoria:Física
Category:Mātauranga koiora	Categoria:Biologia
Category:Mātauranga matū	Categoria:Química
Category:Mātai matawhenua	Categoria:Geografia
Category:Whakapono	Categoria:Religião
Category:Pūtaiao	Categoria:Ciência
Category:Kotahitanga o Ūropi	Categoria:União Europeia
Tāra	Dólar neozelandês
Mānuka	Leptospermum scoparium
Panevėžys	Panevėžys
Rārangi wānanga	Lista de universidades
Tim Finn	Tim Finn
Tītoki	Titoki
Category:Mātauranga taupuhi kaiao	Categoria:Ecologia
Category:Tikanga maha	Categoria:Desambiguação
Toroa (Motu Ihupuku)	Albatroz-de-campbell
Telšiai	Telšiai
Middle Valley	Middle Valley
Hututāwhai	Nothofagus truncata
David Martin (kaipeita)	David Martin (pintor)
Category:Maramara	Categoria:!Esboços
Category:Tirotiro	Categoria:Categorias
Category:Tau	Categoria:Anos
Category:Mōhio	Categoria:Conhecimento
Category:Rārangi	Categoria:Listas
Edmond Debeaumarché	Edmond Debeaumarché
Wikipedia:Rārangi-ā-pū	Portal:Conteúdo/Índice alfabético
Whau	Entelea
Baby do Brasil	Baby do Brasil
Luiza Possi	Luiza Possi
Sergio Mattarella	Sergio Mattarella
Category:Ture	Categoria:Direito
Category:Whenua	Categoria:Países
Wikipedia:Kaiwhakahaere	Wikipédia:Administradores
Category:Tāngata	Categoria:Pessoas
Wikipedia:Ngā tono whakatū kaiwhakahaere	Wikipédia:Pedidos de administração
Wikipedia:Bureaucrats	Wikipédia:Burocratas
Wikipedia:Karetao	Wikipédia:Robôs
Category:Mātauranga huaota	Categoria:Botânica
Kawaka	Libocedrus plumosa
Category:Mātauranga	Categoria:Educação
Category:Toi	Categoria:Arte
Kaunas	Kaunas
Template:Bot	Predefinição:Robô
Kānata	Canadá
Category:Hinerangi	Categoria:Finlândia
Category:Rituānia	Categoria:Lituânia
Category:Huitene	Categoria:Suécia
Category:Horowākia	Categoria:Eslováquia
Wikipedia:Manatārua	Wikipédia:Direitos de autor
Wikipedia:About	Wikipédia:Sobre a Wikipédia
Category:Ūropi	Categoria:Europa
Template:Documentation	Predefinição:Documentação
Category:Kaiwhakahaere	Categoria:!Administradores
Wikipedia:Tomokanga hapori	Wikipédia:Portal comunitário
Category:Reo-ā-kaimahi	Categoria:!Wikipedistas por idioma
Sung Jae-gi	Sung Jae-ki
Template:Softredirect	Predefinição:Pseudorredirecionamento
Template:Mukua	Predefinição:ER
Category:Wikipedia copyright	Categoria:!Direitos de autor
Category:Reo	Categoria:Línguas
Category:Maramataka	Categoria:Calendários
Category:Wikipedia	Categoria:Wikipédia
Wikipedia:Tikanga tūmataiti	Wikipédia:Política de privacidade
Wikipedia:Tikanga Wikipedia	Wikipédia:Livro de estilo
Template:Navbox	Predefinição:Navbox
Mamaku	Cyathea medullaris
Template:Tnavbar	Predefinição:Tnavbar
Template:Loop	Predefinição:Loop
Template:Okina	Predefinição:Okina
Template:Clear	Predefinição:Limpar
Template:Anchor	Predefinição:Âncora
Category:Āwherika	Categoria:África
Category:Paipera	Categoria:Bíblia
Category:Pukapuka	Categoria:Livros
Template:Reo kaimahi	Predefinição:Babel
Template:Commons	Predefinição:Commons
Template:Reflist	Predefinição:Referências
Wikipedia:Tikanga rapu	Ajuda:Guia de consulta e reprodução/consulta na Wikipédia
Template:Maramara	Predefinição:Esboço
Template:User eo-1	Predefinição:User eo-1
Template:User ca-1	Predefinição:User ca-1
Template:User de	Predefinição:User de
Template:User de-1	Predefinição:User de-1
Template:User es	Predefinição:User es
Template:User de-3	Predefinição:User de-3
Template:User en-3	Predefinição:User en-3
Template:User en-1	Predefinição:User en-1
Template:User en-2	Predefinição:User en-2
Template:User en-4	Predefinição:User en-4
Template:User fi	Predefinição:User fi
Template:User en	Predefinição:User en
Template:User de-2	Predefinição:User de-2
Template:User es-1	Predefinição:User es-1
Template:User fr-1	Predefinição:User fr-1
Template:User gl-1	Predefinição:User gl-1
Template:User he-2	Predefinição:User he-2
Template:User he-1	Predefinição:User he-1
Template:User sk	Predefinição:User sk
Template:User fr-2	Predefinição:User fr-2
Template:User ja	Predefinição:User ja
Template:User ja-1	Predefinição:User ja-1
Template:User fr	Predefinição:User fr
Template:User he	Predefinição:User he
Category:Pēpeke	Categoria:Insectos
Category:Āhia	Categoria:Ásia
Category:Hiri	Categoria:Chile
Category:Rautau 21	Categoria:Século XXI
Category:Porowini o Soria	Categoria:Província de Sória
Category:Amerika ki te Tonga	Categoria:América do Sul
Category:User uk-N	Categoria:Usuário uk
Template:Esoteric	Predefinição:Predefinição complexa
Category:Marēhia	Categoria:Malásia
Template:Mod	Predefinição:Mod
Template:User sv	Predefinição:User sv
Template:User uk	Predefinição:User uk
Category:User fr-1	Categoria:Usuário fr-1
Template:Image label	Predefinição:Image label
Category:Waiata	Categoria:Hinos nacionais
Template:USPoliticalDivisions	Predefinição:Divisões Estados Unidos
Template:Infobox Whenua	Predefinição:Info/País
Category:User en-4	Categoria:Utilizador en-4
Category:User en	Categoria:Usuários en
Category:User en-2	Categoria:Usuário en-2
Template:Protected title	Predefinição:Protected title
Template:Navbox/core	Predefinição:Navbox/core
Template:Template other	Predefinição:Template other
Template:Legend	Predefinição:Legenda
Template:Country data	Predefinição:Dados de país
Category:Māori	Categoria:Maori
Template:Pp-template	Predefinição:Pp-template
Template:Infobox Settlement	Predefinição:Info/Assentamento
Category:Tumuaki	Categoria:Presidentes
Category:Maunga	Categoria:Montanhas
Template:User ru	Predefinição:User ru
Category:Rautau 20	Categoria:Século XX
Template:IPA	Predefinição:AFI
Tāwhai pango	Nothofagus solandri
Category:Washington	Categoria:Washington
Template:Border	Predefinição:Borda
Template:Whenua o Te Ao-o-Kiwa	Predefinição:Países e territórios da Oceania
Category:Rautau 19	Categoria:Século XIX
Template:User nl	Predefinição:User nl
Template:Geobox coor	Predefinição:Geobox coor
Template:Image label small	Predefinição:Image label small
Category:North Carolina	Categoria:Carolina do Norte
Category:Puerto Rico	Categoria:Porto Rico
Category:User ja-N	Categoria:Usuário ja
Māori	Maoris
Category:Pakihoe	Categoria:Spheniscidae
Template:Disambig	Predefinição:Desambiguação
Category:South Carolina	Categoria:Carolina do Sul
Template:Infobox U.S. state	Predefinição:Info/Estado dos Estados Unidos
Template:Infobox Tangata	Predefinição:Info/Biografia
Category:Wyoming	Categoria:Wyoming
Category:Galicia	Categoria:Galiza
Category:User sk	Categoria:Usuários sk
Category:User sl	Categoria:Usuários sl
Category:User eo	Categoria:Usuários eo
Category:User fr	Categoria:Usuários fr
Category:User gl	Categoria:Usuários gl
Category:User id	Categoria:Usuários id
Category:User ja	Categoria:Usuários ja
Category:User la	Categoria:Usuários la
Category:User pt	Categoria:Usuários pt
Category:User sv	Categoria:Usuários sv
Category:User fr-3	Categoria:Usuário fr-3
Category:User ja-3	Categoria:Usuário ja-3
Category:User gl-1	Categoria:Usuário gl-1
Category:User fr-2	Categoria:Usuário fr-2
Category:User ja-2	Categoria:Usuário ja-2
Category:User la-2	Categoria:Usuário la-2
Category:User cs-N	Categoria:Usuário cs
Category:User sl-N	Categoria:Usuário sl
Category:User fr-N	Categoria:Usuário fr
Category:User gl-N	Categoria:Usuário gl
Category:User it-N	Categoria:Usuário it
Category:User nl-N	Categoria:Usuário nl
Category:User ru-N	Categoria:Usuário ru
Category:User ca	Categoria:Usuários ca
Category:User ca-1	Categoria:Usuário ca-1
Category:User cs	Categoria:Usuários cs
Category:Moutere	Categoria:Ilhas
Category:User sk-N	Categoria:Usuário sk
Category:Maramara kararehe	Categoria:!Esboços sobre animais
Category:User de	Categoria:Usuários de
Category:User de-2	Categoria:Usuário de-2
Category:User de-3	Categoria:Usuário de-3
Category:User de-N	Categoria:Usuário de
Shiraz	Xiraz
Category:User en-3	Categoria:Usuário en-3
Category:User en-N	Categoria:Usuário en
Category:User eo-1	Categoria:Usuário eo-1
Category:User es	Categoria:Usuários es
Category:User es-1	Categoria:Usuário es-1
Category:Ao Tomi me Pirinihipi	Categoria:São Tomé e Príncipe
Category:User fi	Categoria:Usuários fi
Category:User fi-N	Categoria:Usuário fi
Category:User he	Categoria:Usuários he
Category:User he-1	Categoria:Usuário he-1
Category:User he-2	Categoria:Usuário he-2
Category:User he-3	Categoria:Usuário he-3
Category:User he-N	Categoria:Usuário he
Category:User id-1	Categoria:Usuário id-1
Template:User la-3	Predefinição:User la-3
Category:User pt-1	Categoria:Usuário pt-1
Category:User it	Categoria:Usuários it
Category:User ja-1	Categoria:Usuário ja-1
Category:User la-1	Categoria:Usuário la-1
Category:User la-3	Categoria:Usuário la-3
Category:User la-N	Categoria:Usuário la
Category:Porinīhia	Categoria:Polinésia
Category:User ru-1	Categoria:Usuário ru-1
Wikipedia:Babel	Wikipédia:Babel
Category:Poutū-te-rangi	Categoria:Março
Category:Ingarangi	Categoria:Inglaterra
Category:1000	Categoria:1000
Category:Hāhi	Categoria:Igrejas
Category:Arecaceae	Categoria:Arecaceae
Category:Oklahoma	Categoria:Oklahoma
Category:Lauraceae	Categoria:Lauraceae
Category:Laurales	Categoria:Laurales
Category:Massachusetts	Categoria:Massachusetts
Category:Tekau tau 1980	Categoria:Década de 1980
Category:Tekau tau 1990	Categoria:Década de 1990
Category:Tekau tau 2000	Categoria:Década de 2000
Category:User pt-2	Categoria:Usuário pt-2
Category:User ru	Categoria:Usuários ru
Category:User ru-2	Categoria:Usuário ru-2
Category:User ru-3	Categoria:Usuário ru-3
Category:User sv-N	Categoria:Usuário sv
Category:Reo Porinīhia	Categoria:Línguas polinésias
Template:Spaces	Predefinição:Espaços
Category:Kaipeita	Categoria:Pintores
Category:Madrid	Categoria:Madrid
Category:Rautau 11	Categoria:Século XI
Category:Rautau 17	Categoria:Século XVII
Category:Rautau 10	Categoria:Século X
Category:Rautau 7	Categoria:Século VII
Category:Florida	Categoria:Flórida
Template:Coord/dec2dms/dm	Predefinição:Coord/dec2dms/dm
Category:Nevada	Categoria:Nevada
Category:Nebraska	Categoria:Nebraska
Category:North Dakota	Categoria:Dakota do Norte
Category:New Mexico	Categoria:Novo México
Category:New York	Categoria:Estado de Nova Iorque
Category:New Jersey	Categoria:Nova Jérsei
Category:New Hampshire	Categoria:Nova Hampshire
Category:Rhode Island	Categoria:Rhode Island
Category:Louisiana	Categoria:Luisiana
Category:Maryland	Categoria:Maryland
Category:Maine	Categoria:Maine
Category:Minnesota	Categoria:Minnesota
Category:Michigan	Categoria:Michigan
Category:Mississippi	Categoria:Mississippi
Category:Missouri	Categoria:Missouri
Category:Vermont	Categoria:Vermont
Category:Virginia	Categoria:Virgínia
Category:South Dakota	Categoria:Dakota do Sul
Category:Idaho	Categoria:Idaho
Category:Iowa	Categoria:Iowa
Category:Arkansas	Categoria:Arkansas
Category:Alaska	Categoria:Alasca
Category:Arizona	Categoria:Arizona
Category:Alabama	Categoria:Alabama
Category:Oregon	Categoria:Oregon
Category:Ohio	Categoria:Ohio
Category:West Virginia	Categoria:Virgínia Ocidental
Category:Wisconsin	Categoria:Wisconsin
Category:Utah	Categoria:Utah
Category:Indiana	Categoria:Indiana
Category:Illinois	Categoria:Illinois
Category:Kansas	Categoria:Kansas
Category:Karapōnia	Categoria:Califórnia
Category:Kentucky	Categoria:Kentucky
Category:Connecticut	Categoria:Connecticut
Category:Colorado	Categoria:Colorado
Category:Texas	Categoria:Texas
Category:Pennsylvania	Categoria:Pensilvânia
Category:Hawai'i	Categoria:Havaí
Template:Style/ara	Predefinição:Style/ara
Category:Tāone o Aotearoa	Categoria:Cidades da Nova Zelândia
Patē	Schefflera digitata
Category:Kēnia	Categoria:Quénia
Category:Mohapiki	Categoria:Moçambique
Category:Delaware	Categoria:Delaware
Category:Georgia (Amerika)	Categoria:Geórgia (Estados Unidos)
Category:Montana	Categoria:Montana
Category:Tennessee	Categoria:Tennessee
Template:User he-3	Predefinição:User he-3
Template:User ru-1	Predefinição:User ru-1
Category:Coord template	Categoria:Predefinição Coord
Category:User nl	Categoria:Usuários nl
Category:Rautau 14	Categoria:Século XIV
Category:Rautau 13	Categoria:Século XIII
Category:Rautau 16	Categoria:Século XVI
Category:Rautau 12	Categoria:Século XII
Category:Rautau 18	Categoria:Século XVIII
Category:Rautau 8	Categoria:Século VIII
Category:Pūmotu	Categoria:Elementos químicos
Category:Maramara whakangote	Categoria:!Esboços sobre mamíferos
Category:Rautau 15	Categoria:Século XV
Category:Kōrea-ki-te-raki	Categoria:Coreia do Norte
Category:Taiwana	Categoria:Taiwan
Category:Rautau 9	Categoria:Século IX
Category:Hāmoa	Categoria:Samoa
Category:Nōwei	Categoria:Noruega
Category:Papua Nūkini	Categoria:Papua-Nova Guiné
Category:Perū	Categoria:Peru
Category:Poriwia	Categoria:Bolívia
Category:Ao-o-Kiwa	Categoria:Países da Oceania
Category:Magnoliopsida	Categoria:Magnoliopsida
Template:Wāhanga o Pāniora	Predefinição:Comunidades autónomas da Espanha
Category:Nauru	Categoria:Nauru
Category:Melanesia	Categoria:Melanésia
Category:Cantabria	Categoria:Cantábria
Category:Andalusia	Categoria:Andaluzia
Category:Nōta Amerika	Categoria:América do Norte
Category:Reo o Pāniora	Categoria:Línguas da Espanha
Category:Hanoi	Categoria:Hanói
Category:Waitaha	Categoria:Canterbury (Nova Zelândia)
Category:Catalonia	Categoria:Catalunha
Category:Maramara ika	Categoria:!Esboços sobre peixes
Category:Maramara pēpeke	Categoria:!Esboços sobre insetos
Category:Ika oneone o Aotearoa	Categoria:Anfíbios da Nova Zelândia
Trojany	Trojany
Template:UF-hcard-geo	Predefinição:UF-hcard-geo
Category:Waikato	Categoria:Waikato (região)
Category:Maramara ika oneone	Categoria:!Esboços sobre anfíbios
Category:Arecales	Categoria:Arecales
Category:AutoWikiBrowser	Categoria:!AutoWikiBrowser
Category:Manu o Aotearoa	Categoria:Aves da Nova Zelândia
Category:Ōtepoti	Categoria:Dunedin
Category:Taiao	Categoria:Ambiente
Category:Ericaceae	Categoria:Ericaceae
Category:Ericales	Categoria:Ericales
Category:Porinīhia Wīwī	Categoria:Polinésia Francesa
Category:Maramara hātaretare	Categoria:!Esboços sobre invertebrados
Category:Whakangote o Aoteroa	Categoria:Mamíferos da Nova Zelândia
Category:Rio de Janeiro	Categoria:Rio de Janeiro (cidade)
Category:Maramara tipu	Categoria:!Esboços sobre plantas
Category:Ōtākou	Categoria:Otago
Category:Wai-pounamu	Categoria:Ilha do Sul
Category:Moana	Categoria:Oceanografia
Category:Ika-a-Māui	Categoria:Ilha do Norte
Category:User gl-3	Categoria:Usuário gl-3
Category:Tahiti	Categoria:Taiti
Category:Poronai	Categoria:Brunei
Category:Kuki Airani	Categoria:Ilhas Cook
Category:Tau (Rautau 10)	Categoria:Anos do século X
Category:Tau (Rautau 11)	Categoria:Anos do século XI
Category:Tau (Rautau 12)	Categoria:Anos do século XII
Category:Tau (Rautau 13)	Categoria:Anos do século XIII
Category:Tau (Rautau 14)	Categoria:Anos do século XIV
Category:Tau (Rautau 15)	Categoria:Anos do século XV
Category:Tau (Rautau 16)	Categoria:Anos do século XVI
Category:Tau (Rautau 17)	Categoria:Anos do século XVII
Category:Tau (Rautau 18)	Categoria:Anos do século XVIII
Category:Tau (Rautau 19)	Categoria:Anos do século XIX
Category:Tau (Rautau 20)	Categoria:Anos do século XX
Category:Tau (Rautau 21)	Categoria:Anos do século XXI
Category:Tau (Rautau 9)	Categoria:Anos do século IX
Template:Image label begin	Predefinição:Image label begin
Category:Tāone	Categoria:Cidades
Wikipedia:CommonsTicker	Wikipédia:CommonsTicker
Template:Maramara tipu	Predefinição:Esboço-planta
Category:User en-1	Categoria:Usuário en-1
Category:User de-1	Categoria:Usuário de-1
Category:Liliopsida	Categoria:Liliopsida
Category:User gl-2	Categoria:Usuário gl-2
Rārangi kano	Lista de cores
Template:Autonomous community	Predefinição:Info/Comunidade autónoma da Espanha
Template:Userbox-level	Predefinição:Userbox-nível
Template:Decimals	Predefinição:Decimals
Template:Takiwā o Aotearoa	Predefinição:Regiões da Nova Zelândia
Wikipedia:AutoWikiBrowser/CheckPage	Wikipédia:AutoWikiBrowser/CheckPage
Template:Style/ril	Predefinição:Style/ril
Lorde	Lorde (cantora)
Template:Style/IPA	Predefinição:Style/IPA
Template:Style/yid	Predefinição:Style/yid
Template:Maramara hātaretare	Predefinição:Esboço-invertebrado
Special:RecentChanges	Especial:Mudanças recentes
Module:HtmlBuilder	Módulo:HtmlBuilder
Module:Navbox	Módulo:Navbox
